Feature Name,Feature Importance
x1,0.15556126150776795
x2,0.024595754518344903
x3,0.027380784564445496
x4,0.022610611838359836
x5,0.0
x6,0.041959185082810734
x7,0.07170664912879791
x8,0.2956447825596454
x9,0.03264235171758263
x10,0.035023911199412644
x11,0.29287470788283254
