Feature Name,Feature Importance
x1,0.12508662001072238
x2,0.02373759316249428
x3,0.028860964260563827
x4,0.028791982106434518
x5,0.0
x6,0.045208853726815205
x7,0.04334530612075047
x8,0.284101568223897
x9,0.03455647572417179
x10,0.04721893190120876
x11,0.3390917047629419
