Feature Name,Feature Importance
x1,0.12776886107943322
x2,0.024415563276439255
x3,0.017262815843057548
x4,0.034192370274222374
x5,0.0
x6,0.029703316087246117
x7,0.04220613364548424
x8,0.33891779107454884
x9,0.04215457708367037
x10,0.03628168259380872
x11,0.3070968890420893
