Feature Name,Feature Importance
x1,0.13531599191743043
x2,0.026017439655950526
x3,0.016067848788854124
x4,0.0625338941304228
x5,0.0
x6,0.038320589621552534
x7,0.04708680144997041
x8,0.2884691206927447
x9,0.025312127836030464
x10,0.03790123328326718
x11,0.32297495262377673
