Feature Name,Feature Importance
x1,0.14774315415558953
x2,0.021181063351231755
x3,0.020864225951405975
x4,0.03056776920345475
x5,0.0
x6,0.045412898927228794
x7,0.038934240332900404
x8,0.3143865917437594
x9,0.04367347909082048
x10,0.04641575070818632
x11,0.2908208265354226
