Feature,Importance
x1,-0.0023725385064628838
x2,0.04564500947833025
x3,0.10486219883746727
x4,0.7017356104151932
x5,0.0
x6,-0.6906612523309515
x7,0.3028275197256524
x8,0.00021046352080887008
x9,1.3214960009582046
x10,-0.06230170308017339
