Feature Name,Feature Importance
x1,0.15303732692601543
x2,0.015782049242603405
x3,0.025489267178422335
x4,0.02984671258020574
x5,0.0
x6,0.05349686085769689
x7,0.029352006299849628
x8,0.32392759947005734
x9,0.02889285105442418
x10,0.04299233106414923
x11,0.2971829953265759
