Feature Name,Feature Importance
x1,0.1572599744570246
x2,0.027251659565794763
x3,0.015803030073319194
x4,0.03544676186114374
x5,0.0
x6,0.03651000199553852
x7,0.047856177601484515
x8,0.3045858652401986
x9,0.03209389996685678
x10,0.05278302884751571
x11,0.2904096003911236
