{
    "Accuracy": 0.686734693877551,
    "Precision": 0.5182072829131653,
    "Recall": 0.29505582137161085,
    "F1 Score": 0.37601626016260165,
    "R\u00b2 Score": -0.43988150147584726
}