{
    "Accuracy": 0.6954081632653061,
    "Precision": 0.7182952182952183,
    "Recall": 0.6794493608652901,
    "F1 Score": 0.6983324911571501,
    "R\u00b2 Score": -0.22010654504390348
}