Feature Name,Feature Importance
x1,0.1395970071162229
x2,0.026187528207471836
x3,0.011817393160604064
x4,0.07918821779649816
x5,0.016293196179248428
x6,0.030277816106949133
x7,0.03400263892397164
x8,0.2365565404074521
x9,0.03522815833868803
x10,0.07231045771090663
x11,0.3185410460519871
