Feature,Importance
x1,0.01485537977553239
x2,-0.5489293260205237
x3,0.31336961711412253
x4,0.15575502086978155
x5,0.00847956682338984
x6,-0.6819185267998616
x7,0.6993996428150582
x8,-0.013961435540028528
x9,0.4569708847033476
x10,-0.3604805934992259
