{"Accuracy": 0.6834532374100719, "Precision": 0.391304347826087, "Recall": 0.23076923076923078, "F1 Score": 0.2903225806451613, "R\u00b2 Score": -0.5682051282051286}