{"Accuracy": 0.5539568345323741, "Precision": 0.625, "Recall": 0.4605263157894737, "F1 Score": 0.5303030303030303, "R\u00b2 Score": -0.7999164578111946}