Feature Name,Feature Importance
x1,0.12627869851155676
x2,0.024465879263083423
x3,0.029296466576779364
x4,0.03886342474071691
x5,0.01553313772165899
x6,0.04179645862942552
x7,0.05149056783183422
x8,0.3126872520889447
x9,0.03511833061958639
x10,0.04152714317669149
x11,0.2829426408397222
