Feature Name,Feature Importance
x1,0.1621015623181238
x2,0.028813546621430538
x3,0.01613257956506674
x4,0.04429154789409344
x5,0.020155174383763862
x6,0.037287677661829575
x7,0.049074615811191775
x8,0.28981500366794116
x9,0.021234256369394564
x10,0.050222737054239595
x11,0.2808712986529248
