Feature Name,Feature Importance
x1,0.12940302356528954
x2,0.024581345458273743
x3,0.023560354827310413
x4,0.037662525805522644
x5,0.010387748295803814
x6,0.04204826155244997
x7,0.042289925699624566
x8,0.3049739228491738
x9,0.04182351261725535
x10,0.04622502923421612
x11,0.2970443500950801
