Feature Name,Feature Importance
x1,0.130615539253052
x2,0.0177078739972517
x3,0.02073250402199686
x4,0.03458721657768205
x5,0.016841385090115252
x6,0.03202454140747434
x7,0.058612494705314135
x8,0.32860301831322497
x9,0.03544335827439646
x10,0.043971915900812814
x11,0.2808601524586793
