{
    "Accuracy": 0.7183098591549296,
    "Precision": 0.5882352941176471,
    "Recall": 0.30303030303030304,
    "F1 Score": 0.4,
    "R\u00b2 Score": -0.31725417439703163
}